{
    "tracks": [
        {
            "trackId": "123",
            "planName": "Plan name one",
            "planDays": 25
        },
        {
            "trackId": "4567",
            "planName": "Plan name two",
            "planDays": 30
        }
    ],
    "categories": {
        "sleep": {
            "categoryTracking": "Sleep",
            "dailyEntries": {
                "scales": {
                    "quality": {
                        "scale": [
                            {
                                "label": "Label 1",
                                "value": 1
                            },
                            {
                                "label": "Label 2",
                                "value": 2
                            }
                        ],
                        "limits": [
                            {
                                "label": "Limit 1",
                                "value": 1
                            },
                            {
                                "label": "Limit 2",
                                "value": 2
                            }
                        ]
                    },
                    "wakeUps": {},
                    "hours": {},
                    "timeToBed": {}
                },
                "entries": [
                    {
                        "day": 1,
                        "date": "2021-09-25T22:00:00",
                        "trackId": "123",
                        "values": {
                            "quality": 80,
                            "wakeUps": 1,
                            "hours": 9,
                            "timeToBed": "2021-09-25T22:00:00"
                        }
                    },
                    {
                        "day": 2,
                        "date": "2021-09-26T21:30:00",
                        "trackId": "123",
                        "values": {
                            "quality": 40,
                            "wakeUps": 1,
                            "hours": 9,
                            "timeToBed": "2021-09-26T21:30:00"
                        }
                    },
                    {
                        "day": 3,
                        "date": "2021-09-27T21:30:00",
                        "trackId": "123",
                        "values": {
                            "quality": 0,
                            "hours": 0,
                            "wakeUps": 0,
                            "timeToBed": "2021-09-27T20:30:00"
                        }
                    },
                    {
                        "day": 4,
                        "date": "2021-09-28T20:30:00",
                        "trackId": "123",
                        "values": {
                            "quality": 20,
                            "hours": 7,
                            "wakeUps": 2,
                            "timeToBed": "2021-09-28T20:30:00"
                        }
                    },
                    {
                        "day": 5,
                        "date": "2021-09-29T21:30:00",
                        "trackId": "123",
                        "values": {
                            "quality": 100,
                            "hours": 7.5,
                            "wakeUps": 1,
                            "timeToBed": "2021-09-29T21:30:00"
                        }
                    },
                    {
                        "day": 6,
                        "date": "2021-09-30T21:30:00",
                        "trackId": "123",
                        "values": {
                            "quality": 80,
                            "hours": 8.5,
                            "wakeUps": 1,
                            "timeToBed": "2021-09-30T21:30:00"
                        }
                    },
                    {
                        "day": 7,
                        "date": "2021-10-01T21:30:00",
                        "trackId": "123",
                        "values": {
                            "quality": 80,
                            "hours": 9,
                            "wakeUps": 2,
                            "timeToBed": "2021-10-01T21:30:00"
                        }
                    },
                    {
                        "day": 8,
                        "date": "2021-10-02T21:30:00",
                        "trackId": "123",
                        "values": {
                            "quality": 60,
                            "hours": 9.5,
                            "wakeUps": 1,
                            "timeToBed": "2021-10-02T21:30:00"
                        }
                    },
                    {
                        "day": 9,
                        "date": "2021-10-03T21:30:00",
                        "trackId": "123",
                        "values": {
                            "quality": 40,
                            "hours": 6.5,
                            "wakeUps": 2,
                            "timeToBed": "2021-10-03T21:30:00"
                        }
                    },
                    {
                        "day": 10,
                        "date": "2021-10-04T21:30:00",
                        "trackId": "123",
                        "values": {
                            "quality": 20,
                            "hours": 7,
                            "wakeUps": 0,
                            "timeToBed": "2021-10-04T12:30:00"
                        }
                    },
                    {
                        "day": 11,
                        "date": "2021-10-05T21:30:00",
                        "trackId": "123",
                        "values": {
                            "quality": 60,
                            "hours": 8.5,
                            "wakeUps": 1,
                            "timeToBed": "2021-10-05T20:00:00"
                        }
                    },
                    {
                        "day": 12,
                        "date": "2021-10-06T21:30:00",
                        "trackId": "123",
                        "values": {
                            "quality": 80,
                            "hours": 0,
                            "wakeUps": 0,
                            "timeToBed": "2021-10-06T18:30:00"
                        }
                    },
                    {
                        "day": 13,
                        "date": "2021-10-07T16:30:00",
                        "trackId": "123",
                        "values": {
                            "quality": 20,
                            "hours": 7.5,
                            "wakeUps": 1,
                            "timeToBed": "2021-10-07T23:45:00"
                        }
                    },
                    {
                        "day": 14,
                        "date": "2021-10-08T21:00:00",
                        "trackId": "123",
                        "values": {
                            "quality": 100,
                            "hours": 9,
                            "wakeUps": 1,
                            "timeToBed": "2021-10-08T20:00:00"
                        }
                    },
                    {
                        "day": 15,
                        "date": "2021-10-09T19:00:00",
                        "trackId": "123",
                        "values": {
                            "quality": 80,
                            "hours": 7,
                            "wakeUps": 0,
                            "timeToBed": "2021-10-09T19:00:00"
                        }
                    }
                ]
            },
            "weeklyEntries": {
                "scales": {
                    "quality": {
                        "scale": [
                            {
                                "label": "Label Week 1",
                                "value": 1
                            },
                            {
                                "label": "Label Week 2",
                                "value": 2
                            }
                        ],
                        "limits": [
                            {
                                "label": "Limit Week 1",
                                "value": 1
                            },
                            {
                                "label": "Limit Week 2",
                                "value": 2
                            }
                        ]
                    },
                    "wakeUps": {},
                    "hours": {},
                    "timeToBed": {}
                },
                "entries": [
                    {
                        "day": 1,
                        "date": "2021-09-25T22:00:00",
                        "trackId": "123",
                        "values": {
                            "quality": 70,
                            "wakeUps": 2,
                            "hours": 7,
                            "timeToBed": "2021-09-25T22:00:00"
                        }
                    },
                    {
                        "day": 2,
                        "date": "2021-09-26T21:30:00",
                        "trackId": "123",
                        "values": {
                            "quality": 50,
                            "wakeUps": 0,
                            "hours": 10,
                            "timeToBed": "2021-09-26T21:30:00"
                        }
                    },
                    {
                        "day": 3,
                        "date": "2021-09-27T21:30:00",
                        "trackId": "123",
                        "values": {
                            "quality": 30,
                            "hours": 0,
                            "wakeUps": 0,
                            "timeToBed": "2021-09-27T20:30:00"
                        }
                    },
                    {
                        "day": 4,
                        "date": "2021-09-28T20:30:00",
                        "trackId": "123",
                        "values": {
                            "quality": 20,
                            "hours": 7.5,
                            "wakeUps": 2.5,
                            "timeToBed": "2021-09-28T20:30:00"
                        }
                    },
                    {
                        "day": 5,
                        "date": "2021-09-29T21:30:00",
                        "trackId": "123",
                        "values": {
                            "quality": 60,
                            "hours": 6.5,
                            "wakeUps": 1,
                            "timeToBed": "2021-09-29T21:30:00"
                        }
                    },
                    {
                        "day": 6,
                        "date": "2021-09-30T21:30:00",
                        "trackId": "123",
                        "values": {
                            "quality": 90,
                            "hours": 7.5,
                            "wakeUps": 0,
                            "timeToBed": "2021-09-30T21:30:00"
                        }
                    },
                    {
                        "day": 7,
                        "date": "2021-10-01T21:30:00",
                        "trackId": "123",
                        "values": {
                            "quality": 70,
                            "hours": 6,
                            "wakeUps": 2,
                            "timeToBed": "2021-10-01T21:30:00"
                        }
                    },
                    {
                        "day": 8,
                        "date": "2021-10-02T21:30:00",
                        "trackId": "123",
                        "values": {
                            "quality": 50,
                            "hours": 7.5,
                            "wakeUps": 2,
                            "timeToBed": "2021-10-02T21:30:00"
                        }
                    },
                    {
                        "day": 9,
                        "date": "2021-10-03T21:30:00",
                        "trackId": "123",
                        "values": {
                            "quality": 60,
                            "hours": 9.5,
                            "wakeUps": 1.5,
                            "timeToBed": "2021-10-03T21:30:00"
                        }
                    },
                    {
                        "day": 10,
                        "date": "2021-10-04T21:30:00",
                        "trackId": "123",
                        "values": {
                            "quality": 15,
                            "hours": 7.5,
                            "wakeUps": 0.5,
                            "timeToBed": "2021-10-04T12:30:00"
                        }
                    },
                    {
                        "day": 11,
                        "date": "2021-10-05T21:30:00",
                        "trackId": "123",
                        "values": {
                            "quality": 90,
                            "hours": 8,
                            "wakeUps": 1,
                            "timeToBed": "2021-10-05T20:00:00"
                        }
                    },
                    {
                        "day": 12,
                        "date": "2021-10-06T21:30:00",
                        "trackId": "123",
                        "values": {
                            "quality": 100,
                            "hours": 5.5,
                            "wakeUps": 2,
                            "timeToBed": "2021-10-06T18:30:00"
                        }
                    },
                    {
                        "day": 13,
                        "date": "2021-10-07T16:30:00",
                        "trackId": "123",
                        "values": {
                            "quality": 40,
                            "hours": 7,
                            "wakeUps": 1,
                            "timeToBed": "2021-10-07T23:45:00"
                        }
                    },
                    {
                        "day": 14,
                        "date": "2021-10-08T21:00:00",
                        "trackId": "123",
                        "values": {
                            "quality": 50,
                            "hours": 8.5,
                            "wakeUps": 0,
                            "timeToBed": "2021-10-08T20:00:00"
                        }
                    },
                    {
                        "day": 15,
                        "date": "2021-10-09T19:00:00",
                        "trackId": "123",
                        "values": {
                            "quality": 90,
                            "hours": 9.5,
                            "wakeUps": 2,
                            "timeToBed": "2021-10-09T19:00:00"
                        }
                    }
                ]
            }
        },
        "water": {
            "categoryTracking": "Water",
            "dailyEntries": {
                "scales": {
                    "drunk": {
                        "scale": [
                            {
                                "label": "Label 1",
                                "value": 1
                            },
                            {
                                "label": "Label 2",
                                "value": 2
                            }
                        ],
                        "limits": [
                            {
                                "label": "Limit 1",
                                "value": 1
                            },
                            {
                                "label": "Limit 2",
                                "value": 2
                            }
                        ]
                    },
                    "intake": {}
                },
                "entries": [
                    {
                        "day": 1,
                        "date": "2021-09-25T22:00:00",
                        "trackId": "123",
                        "values": {
                            "intake": 3,
                            "drunk": 150
                        }
                    },
                    {
                        "day": 2,
                        "date": "2021-09-26T21:30:00",
                        "trackId": "123",
                        "values": {
                            "intake": 6,
                            "drunk": 350
                        }
                    },
                    {
                        "day": 3,
                        "date": "2021-09-27T21:30:00",
                        "trackId": "123",
                        "values": {
                            "intake": 8,
                            "drunk": 450
                        }
                    },
                    {
                        "day": 4,
                        "date": "2021-09-28T20:30:00",
                        "trackId": "123",
                        "values": {
                            "intake": 5,
                            "drunk": 250
                        }
                    },
                    {
                        "day": 5,
                        "date": "2021-09-29T21:30:00",
                        "trackId": "123",
                        "values": {
                            "intake": 10,
                            "drunk": 550
                        }
                    },
                    {
                        "day": 6,
                        "date": "2021-09-30T21:30:00",
                        "trackId": "123",
                        "values": {
                            "intake": 0,
                            "drunk": 0
                        }
                    },
                    {
                        "day": 7,
                        "date": "2021-10-01T20:30:00",
                        "trackId": "123",
                        "values": {
                            "intake": 5,
                            "drunk": 225
                        }
                    },
                    {
                        "day": 8,
                        "date": "2021-10-02T16:30:00",
                        "trackId": "123",
                        "values": {
                            "intake": 25,
                            "drunk": 950
                        }
                    },
                    {
                        "day": 9,
                        "date": "2021-10-03T17:30:00",
                        "trackId": "123",
                        "values": {
                            "intake": 10,
                            "drunk": 550
                        }
                    }
                ]
            },
            "weeklyEntries": {
                "scales": {
                    "drunk": {
                        "scale": [
                            {
                                "label": "Label week 1",
                                "value": 1
                            },
                            {
                                "label": "Label week 2",
                                "value": 2
                            }
                        ],
                        "limits": [
                            {
                                "label": "Limit week 1",
                                "value": 1
                            },
                            {
                                "label": "Limit week 2",
                                "value": 2
                            }
                        ]
                    },
                    "intake": {}
                },
                "entries": [
                    {
                        "day": 1,
                        "date": "2021-09-25T22:00:00",
                        "trackId": "123",
                        "values": {
                            "intake": 10,
                            "drunk": 800
                        }
                    },
                    {
                        "day": 2,
                        "date": "2021-09-26T21:30:00",
                        "trackId": "123",
                        "values": {
                            "intake": 5,
                            "drunk": 300
                        }
                    },
                    {
                        "day": 3,
                        "date": "2021-09-27T21:30:00",
                        "trackId": "123",
                        "values": {
                            "intake": 20,
                            "drunk": 750
                        }
                    },
                    {
                        "day": 4,
                        "date": "2021-09-28T20:30:00",
                        "trackId": "123",
                        "values": {
                            "intake": 50,
                            "drunk": 350
                        }
                    },
                    {
                        "day": 5,
                        "date": "2021-09-29T21:30:00",
                        "trackId": "123",
                        "values": {
                            "intake": 20,
                            "drunk": 450
                        }
                    },
                    {
                        "day": 6,
                        "date": "2021-09-30T21:30:00",
                        "trackId": "123",
                        "values": {
                            "intake": 1,
                            "drunk": 50
                        }
                    },
                    {
                        "day": 7,
                        "date": "2021-10-01T20:30:00",
                        "trackId": "123",
                        "values": {
                            "intake": 10,
                            "drunk": 350
                        }
                    },
                    {
                        "day": 8,
                        "date": "2021-10-02T16:30:00",
                        "trackId": "123",
                        "values": {
                            "intake": 20,
                            "drunk": 650
                        }
                    },
                    {
                        "day": 9,
                        "date": "2021-10-03T17:30:00",
                        "trackId": "123",
                        "values": {
                            "intake": 8,
                            "drunk": 450
                        }
                    }
                ]
            }
        },
        "movement": {
            "categoryTracking": "Movement",
            "dailyEntries": {
                "scales": {
                    "dayMoment": {
                        "scale": [
                            {
                                "label": "Label 1",
                                "value": 1
                            },
                            {
                                "label": "Label 2",
                                "value": 2
                            }
                        ],
                        "limits": [
                            {
                                "label": "Limit 1",
                                "value": 1
                            },
                            {
                                "label": "Limit 2",
                                "value": 2
                            }
                        ]
                    },
                    "movement": {}
                },
                "entries": [
                    {
                        "day": 1,
                        "date": "2021-09-25T22:00:00",
                        "trackId": "123",
                        "values": {
                            "hiit": 90.0000,
                            "biking": 60.000
                        }
                    },
                    {
                        "day": 2,
                        "date": "2021-09-26T22:00:00",
                        "trackId": "123",
                        "values": {
                            "biking": 50.5000,
                            "flights": 80.0000,
                            "hiit": 10.0000,
                            "other": 20.0000,
                            "running": 90.0000,
                            "step": 0.4000,
                            "swimming": 100.0000,
                            "walking": 70.0000,
                            "yoga": 60.0000,
                            "weights": 0.0000
                        }
                    },
                    {
                        "day": 3,
                        "date": "2021-10-27T22:00:00",
                        "trackId": "4567",
                        "values": {
                            "biking": 10.0000,
                            "flights": 20.0000,
                            "weights": 30.0000,
                            "hiit": 0.0000,
                            "other": 0.0000,
                            "running": 0.0000,
                            "step": 0.000,
                            "swimming": 0.0000,
                            "walking": 0.0000,
                            "yoga": 0.0000
                        }
                    },
                    {
                        "day": 4,
                        "date": "2021-09-28T22:00:00",
                        "trackId": "123",
                        "values": {
                            "hiit": 30.0000,
                            "biking": 40.000
                        }
                    },
                    {
                        "day": 5,
                        "date": "2021-09-29T22:00:00",
                        "trackId": "123",
                        "values": {
                            "biking": 55.000
                        }
                    }
                ]
            },
            "weeklyEntries": {}
        },
        "meditation": {
            "categoryTracking": "Meditation"
        }
    }
}
