[
  {
    "styled_class": "UINavigationBar",
    "bar_tint_color": {
      "red": 4,
      "green": 200,
      "blue": 202,
      "alpha": 255
    },
    "text_style": {
      "font_name": "Arial-BoldMT",
      "font_size": 21,
      "font_color": {
        "red": 255,
        "green": 255,
        "blue": 255,
        "alpha": 255
      }
    },
    "tint_color": {
      "red": 255,
      "green": 255,
      "blue": 255,
      "alpha": 255
    }
  },
  {
    "styled_class": "UIStatusBar",
    "status_bar_style": 1
  },
 {
   "styled_class": "UITabBar",
   "image_tint_color": {
     "red": 102,
     "green": 189,
     "blue": 206,
     "alpha": 255
   },
   "bar_tint_color": {
     "red": 238,
     "green": 238,
     "blue": 238,
     "alpha": 255
   },
   "tint_color": {
     "red": 102,
     "green": 189,
     "blue": 206,
     "alpha": 255
   }
 }
]
