[
  {
    "localizedTitleKey": "more.profile.title",
    "viewControllerIdentifier": "EMBProfileVC",
    "iconName": "ic_more_profile"
  },
  {
    "localizedTitleKey": "more.documents.title",
    "viewControllerIdentifier": "EMBDocumentListVC",
    "iconName": "ic_more_documents",
    "displayConditionSelectorName": "shouldShowClientDocumentOption"
  },
  {
    "localizedTitleKey": "cannabis.title",
    "viewControllerIdentifier": "EMBMedicationsContainerVC",
    "iconName": "ic_more_cannabis",
    "displayConditionSelectorName": "shouldShowCannabisOption"
  },
  {
    "localizedTitleKey": "medication.title",
    "viewControllerIdentifier": "EMBMedicationsContainerVC",
    "iconName": "ic_more_medication",
    "displayConditionSelectorName": "shouldShowMedicationOption"
  },
  {
    "localizedTitleKey": "more.goals.title",
    "viewControllerIdentifier": "EMBGoalsVC",
    "iconName": "ic_more_goal"
  },
  {
    "localizedTitleKey": "more.plan.selection.title",
    "viewControllerIdentifier": "EMBPlanSelectorVC",
    "iconName": "ic_more_select_plan",
    "displayConditionSelectorName": "shouldShowPlanSelectionOption"
  },
  {
    "localizedTitleKey": "more.tour.title",
    "viewControllerIdentifier": "EMBTutorialViewController",
    "iconName": "ic_more_tour",
    "displayAppName": "true"
  },
  {
    "localizedTitleKey": "more.support.title",
    "selectorName": "reportBug",
    "iconName": "ic_more_support",
    "hideDisclosureIndicator" : true,
    "displayAppName": "true"
  },
  {
    "localizedTitleKey": "more.support.about",
    "viewControllerIdentifier": "EMBAboutVC",
    "iconName": "ic_more_tos"
  }
]
