[
  {
    "localizedTitleKey": "plans.whatToEat.title",
    "selectorName" : "pushWhatToEat",
    "iconName": "ic_what_to_eat"
  },
  {
    "localizedTitleKey": "plans.dailyGuides.title",
    "viewControllerIdentifier": "EMBPlanDailyGuideVC",
    "iconName": "ic_daily_guides"
  },
  {
    "localizedTitleKey": "plans.recipes.title",
    "viewControllerIdentifier": "EMBRecipesVC",
    "iconName": "ic_recipes",
    "displayConditionSelectorName": "shouldShowRecipesByDayAndTypeOption"
  },
  {
    "localizedTitleKey": "plans.recipes.title",
    "viewControllerIdentifier": "EMBRecipeCategoryListVC",
    "iconName": "ic_recipes",
    "displayConditionSelectorName": "shouldShowRecipesByTypeOption"
  },
  {
    "localizedTitleKey": "plans.shoppingList.title",
    "viewControllerIdentifier": "EMBShoppingListVC",
    "iconName": "ic_shopping_list",
    "displayConditionSelectorName": "shouldShoppingListOption"
  },
  {
    "localizedTitleKey": "plans.supplements.title",
    "viewControllerIdentifier": "EMBSupplementListVC",
    "iconName": "ic_supplements",
    "displayConditionSelectorName": "shouldShowSupplementsOption"
  },
  {
    "localizedTitleKey": "plans.documents.title",
    "viewControllerIdentifier": "EMBDocumentListVC",
    "iconName": "ic_more_documents",
    "displayConditionSelectorName": "shouldShowDocumentsOption"
  },
  {
    "localizedTitleKey": "videos.title",
    "viewControllerIdentifier": "EMBVideosVC",
    "iconName": "ic_more_video",
    "displayConditionSelectorName": "shouldShowVideosOption"
  }
]
