{
  "UrlPatterns": {
    "Configuration": "/configuration",
    "ConfigurationList": "/configuration/lists",
    "VersionApp": "/configuration/versionApp/:platform",
    "UserLogin": "/user/auth/login",
    "UserLogout": "/user/auth/logout",
    "UserSummary": "/user/summary",
    "UserPasswordUpdate": "/user/auth/password/update",
    "Client": "/client/:client_id",
    "ClientProfilePicture": "/client/:client_id/profile/photo",
    "ClientProfile": "/client/:client_id/profile",
    "PractitionerProfile": "/practitioner/:practitioner_id/profile",
    "ForgotPassword": "/user/auth/password/forgot",
    "PasswordReset": "/user/auth/password/reset",
    "TrackPlanConfiguration" : "/client/:client_id/track/:track_id/plan",
    "TrackPlanConfigurationTimestamp" : "/client/:client_id/track/:track_id/plan/timestamp",
    "TrackDays" : "/client/:client_id/track/:track_id/days",
    "TrackChangeStartDate" : "/client/:client_id/track/:track_id/reschedule",
    "Messages" : "/client/:client_id/messages",
    "UnReadMessagesCount" : "/client/:client_id/messages/unread",
    "ImageMediaItem" : "/client/:client_id/messages/media_items/image",
    "TrackGoals": "/client/:client_id/track/:track_id/goals",
    "TrackDayBodyEntry": "/client/:client_id/track/:track_id/day/:day_number/body",
    "TrackDayNutritionEntry": "/client/:client_id/track/:track_id/day/:day_number/nutrition",
    "TrackDayMealNoteEntry": "/client/:client_id/track/:track_id/day/:day_number/mealNote",
    "TrackDayMealNotePhotoEntry": "/client/:client_id/track/:track_id/day/:day_number/mealNote/:meal_note_id/photo",
    "TrackDayPlannedMealEntry": "/client/:client_id/track/:track_id/day/:day_number/plannedMeal",
    "TrackDayCustomPlannedMealEntry": "/client/:client_id/track/:track_id/day/:day_number/customPlannedMeal",
    "TrackDayExerciseEntry": "/client/:client_id/track/:track_id/day/:day_number/exercise",
    "TrackDayConditionEntry": "/client/:client_id/track/:track_id/day/:day_number/condition",
    "TrackDayMeditationEntry": "/client/:client_id/track/:track_id/day/:day_number/meditation",
    "TrackDayNoteEntry": "/client/:client_id/track/:track_id/day/:day_number/note",
    "TrackDayNotePhotoEntry": "/client/:client_id/track/:track_id/day/:day_number/note/:note_id/photo",
    "DeleteNoteEntry": "/client/:client_id/track/:track_id/day/:day_number/note/:note_id",
    "TrackDaySleepEntry": "/client/:client_id/track/:track_id/day/:day_number/sleep",
    "TrackDayEliminationEntry": "/client/:client_id/track/:track_id/day/:day_number/elimination",
    "TrackDaySupplementEntry": "/client/:client_id/track/:track_id/day/:day_number/supplement",
    "TrackDayBloodGlucoseEntry": "/client/:client_id/track/:track_id/day/:day_number/bloodGlucose",
    "TrackDayBloodPressureEntry": "/client/:client_id/track/:track_id/day/:day_number/bloodPressure",
    "UpdateMedicationDoseEntry": "/client/:client_id/track/:track_id/day/:day_number/medication",
    "DeleteMedicationDoseEntry": "/client/:client_id/track/:track_id/day/:day_number/medication/:entry_id/delete",
    "RegisterPushNotifications": "/client/:client_id/pushNotifications",
    "UnregisterPushNotifications": "/client/:client_id/pushNotifications",
    "TrackStatus": "/client/:client_id/track/:track_id/status",
    "UpdatePurchasedMedication": "/client/:client_id/plan/:plan_id/purchased_medications",
    "DeletePurchasedMedication": "/client/:client_id/plan/:plan_id/purchased_medications/:medication_id/delete",
    "PurchasedMedicationPhoto": "/client/:client_id/plan/:plan_id/purchased_medications/:medication_id/photos/:photo_type",
    "EMBIntermittentFastingDayEntry": "/client/:client_id/track/:track_id/day/:day_number/intermittentFasting",
    "TemperatureDayEntry": "/client/:client_id/track/:track_id/day/:day_number/temperature",
    "HeartRateVariabilityEntry": "/client/:client_id/track/:track_id/day/:day_number/heartRateVariability",
    "ClientWeekReports": "/client/:client_id/reports/week",
    "CategoryReportsDetail": "/client/:client_id/reports/:category",
    "AppDetails": "/client/:client_id/app_details"
  },
  "RequestMappings": [
    {"class":"EMBUpdateProfileRequest"},
    {"class":"EMBLoginRequest"},
    {"class":"EMBPasswordUpdateRequest"},
    {"class": "EMBForgotPasswordRequest"},
    {"class": "EMBPasswordResetRequest"},
    {"class": "EMBChangeTrackStartDateRequest"},
    {"class": "EMBMessageRequest"},
    {"class": "EMBRegisterPushNotificationsRequest"},
    {"patternKey": "TrackDaySleepEntry", "class": "EMBUpdateSleepEntryRequest"},
    {"patternKey": "TrackDayConditionEntry", "class": "EMBUpdateConditionEntryRequest"},
    {"patternKey": "TrackDayBodyEntry", "class": "EMBUpdateBodyEntryRequest"},
    {"patternKey": "TrackDayExerciseEntry", "class": "EMBUpdateExerciseEntryRequest"},
    {"patternKey": "TrackDayNoteEntry","class": "EMBUpdateNoteEntryRequest"},
    {"patternKey": "TrackDayMeditationEntry", "class": "EMBUpdateMeditationEntryRequest"},
    {"patternKey": "TrackDayEliminationEntry", "class": "EMBUpdateEliminationEntryRequest"},
    {"patternKey": "TrackDayNutritionEntry", "class": "EMBUpdateNutritionEntryRequest"},
    {"patternKey": "TrackDayPlannedMealEntry", "class": "EMBUpdatePlannedMealEntryRequest"},
    {"patternKey": "TrackDayCustomPlannedMealEntry", "class": "EMBUpdateCustomPlannedMealEntryRequest"},
    {"patternKey": "TrackDayMealNoteEntry", "class": "EMBUpdateMealNoteEntryRequest"},
    {"patternKey": "TrackGoals", "class": "EMBUpdateGoalEntryRequest"},
    {"patternKey": "TrackDaySupplementEntry", "class": "EMBUpdateSupplementEntryRequest"},
    {"patternKey": "TrackDayBloodGlucoseEntry", "class": "EMBUpdateBloodSugarEntryRequest"},
    {"patternKey": "TrackDayBloodPressureEntry", "class": "EMBUpdateBloodPressureEntryRequest"},
    {"patternKey": "UpdateMedicationDoseEntry", "class": "EMBUpdateMedicationDoseEntryRequest"},
    {"patternKey": "DeleteMedicationDoseEntry", "class": "EMBUpdateMedicationDoseEntryRequest"},
    {"patternKey": "UpdatePurchasedMedication", "class": "EMBUpdatePurchasedMedicationRequest"},
    {"patternKey": "EMBIntermittentFastingDayEntry", "class": "EMBUpdateFastingEntryRequest"},
    {"patternKey": "TemperatureDayEntry", "class": "EMBUpdateTemperatureEntryRequest"},
    {"patternKey": "HeartRateVariabilityEntry", "class": "EMBUpdateHRVEntryRequest"},
    {"patternKey": "AppDetails", "class": "EMBAppDetailsRequest"}
  ],
  "ResponseMappings": [
    {"patternKey": "Configuration", "class": "EMBConfigurationResponse"},
    {"patternKey": "ConfigurationList", "class": "EMBConfigurationListsResponse"},
    {"patternKey": "VersionApp", "class": "EMBVersionAppResponse"},
    {"patternKey": "UserLogin", "class":"EMBLoginResponse"},
    {"patternKey": "UserSummary", "class":"EMBUserSummaryResponse"},
    {"patternKey": "Client", "class":"EMBClientResponse"},
    {"patternKey": "PractitionerProfile", "class":"EMBPractitionerProfileResponse"},
    {"patternKey": "TrackPlanConfiguration", "class":"EMBPlanConfigurationResponse"},
    {"patternKey": "TrackPlanConfigurationTimestamp", "class":"EMBPlanTimestampResponse"},
    {"patternKey": "TrackDays", "class":"EMBTrackDaysResponse"},
    {"patternKey": "Messages", "class":"EMBMessagesResponse"},
    {"patternKey": "UnReadMessagesCount", "class":"EMBUnreadMessagesResponse"},
    {"patternKey": "TrackDaySleepEntry", "class":"EMBUpdateEntryResponse"},
    {"patternKey": "TrackDayConditionEntry", "class":"EMBUpdateEntryResponse"},
    {"patternKey": "TrackDayBodyEntry", "class":"EMBUpdateEntryResponse"},
    {"patternKey": "TrackDayExerciseEntry", "class":"EMBUpdateEntryResponse"},
    {"patternKey": "TrackDayNoteEntry", "class":"EMBUpdateEntryResponse"},
    {"patternKey": "TrackDayMeditationEntry", "class":"EMBUpdateEntryResponse"},
    {"patternKey": "TrackDayEliminationEntry", "class":"EMBUpdateEntryResponse"},
    {"patternKey": "TrackDayNutritionEntry", "class":"EMBUpdateEntryResponse"},
    {"patternKey": "TrackDayPlannedMealEntry", "class":"EMBUpdateEntryResponse"},
    {"patternKey": "TrackDayCustomPlannedMealEntry", "class":"EMBUpdateEntryResponse"},
    {"patternKey": "TrackDayMealNoteEntry", "class":"EMBUpdateEntryResponse"},
    {"patternKey": "TrackDaySupplementEntry", "class":"EMBUpdateEntryResponse"},
    {"patternKey": "TrackDayBloodGlucoseEntry", "class":"EMBUpdateEntryResponse"},
    {"patternKey": "TrackDayBloodPressureEntry", "class":"EMBUpdateEntryResponse"},
    {"patternKey": "UpdateMedicationDoseEntry", "class":"EMBUpdateEntryResponse"},
    {"patternKey": "DeleteMedicationDoseEntry", "class":"EMBUpdateEntryResponse"},
    {"patternKey": "TrackGoals", "method" : "POST", "class":"EMBUpdateEntryResponse"},
    {"patternKey": "TrackGoals", "method" : "GET", "class":"EMBTrackGoalsResponse"},
    {"patternKey": "TrackStatus", "class":"EMBTrackStatusResponse"},
    {"patternKey": "UpdatePurchasedMedication", "class": "EMBUpdateEntryResponse"},
    {"patternKey": "EMBIntermittentFastingDayEntry", "class": "EMBUpdateEntryResponse"},
    {"patternKey": "TemperatureDayEntry", "class": "EMBUpdateEntryResponse"},
    {"patternKey": "ClientWeekReports", "class": "EMBReportGeneralResponse"},
    {"patternKey": "CategoryReportsDetail", "class": "EMBReportGeneralResponse"},
    {"patternKey": "TemperatureDayEntry", "class": "EMBUpdateEntryResponse"},
    {"patternKey": "HeartRateVariabilityEntry", "class": "EMBUpdateEntryResponse"},
    {"patternKey": "AppDetails", "class": "EMBAppDetailsResponse"}
  ],
  "ErrorMappings": [
    {"patternKey": "Messages", "method" : "POST", "class":"EMBMessagesErrorResponse"}
  ]
}
