{
  "metric": [
    {
      "key": "water",
      "text_template_key": "serving.rule.water.metric",
      "values": [
        1,
        250
      ],
      "single_units": [
        "serving.rule.serving",
        "serving.rule.ml"
      ],
      "plural_units": [
        "serving.rule.servings",
        "serving.rule.ml"
      ]
    },
    {
      "key": "fresh_juice",
      "text_template_key": "serving.rule.juice.metric",
      "values": [
        1,
        500
      ],
      "single_units": [
        "serving.rule.serving",
        "serving.rule.ml"
      ],
      "plural_units": [
        "serving.rule.servings",
        "serving.rule.ml"
      ]
    },
    {
      "key": "bottled_juice",
      "text_template_key": "serving.rule.bottled.juice.metric",
      "values": [
        1,
        500
      ],
      "single_units": [
        "serving.rule.serving",
        "serving.rule.ml"
      ],
      "plural_units": [
        "serving.rule.servings",
        "serving.rule.ml"
      ]
    },
    {
      "key": "fruits",
      "text_template_key": "serving.rule.whole.fruit.metric",
      "values": [
        1,
        1,
        1,
        0.5,
        0.25
      ],
      "single_units": [
        "serving.rule.serving",
        "serving.rule.mediumWholeFruit",
        "serving.rule.cup",
        "serving.rule.cup",
        "serving.rule.cup"
      ],
      "plural_units": [
        "serving.rule.servings",
        "serving.rule.mediumWholeFruits",
        "serving.rule.cups",
        "serving.rule.cups",
        "serving.rule.cups"
      ]
    },
    {
      "key": "vegetables",
      "text_template_key": "serving.rule.whole.vegetable.metric",
      "values": [
        1,
        1,
        0.5
      ],
      "single_units": [
        "serving.rule.serving",
        "serving.rule.cup",
        "serving.rule.cup"
      ],
      "plural_units": [
        "serving.rule.servings",
        "serving.rule.cups",
        "serving.rule.cups"
      ]
    },
    {
      "key": "nightshades_vegetables",
      "text_template_key": "serving.rule.nightshades.vegetable.metric",
      "values": [
        1,
        0.5
      ],
      "single_units": [
        "serving.rule.serving",
        "serving.rule.cup"
      ],
      "plural_units": [
        "serving.rule.servings",
        "serving.rule.cups"
      ]
    },
    {
      "key": "caffeine",
      "text_template_key": "serving.rule.caffeine.metric",
      "values": [
        1,
        375
      ],
      "single_units": [
        "serving.rule.serving",
        "serving.rule.ml"
      ],
      "plural_units": [
        "serving.rule.servings",
        "serving.rule.ml"
      ]
    },
    {
      "key": "alcohol",
      "text_template_key": "serving.rule.alcohol.metric",
      "values": [
        1,
        360,
        180,
        60
      ],
      "single_units": [
        "serving.rule.serving",
        "serving.rule.ml",
        "serving.rule.ml",
        "serving.rule.ml"
      ],
      "plural_units": [
        "serving.rule.servings",
        "serving.rule.ml",
        "serving.rule.ml",
        "serving.rule.ml"
      ]
    },
    {
      "key": "package_food",
      "text_template_key": "serving.rule.packaged.food.metric",
      "values": [],
      "single_units": [],
      "plural_units": []
    },
    {
      "key": "dairy",
      "text_template_key": "serving.rule.dairy.metric",
      "values": [
        1,
        30,
        250,
        150
      ],
      "single_units": [
        "serving.rule.serving",
        "serving.rule.g",
        "serving.rule.ml",
        "serving.rule.g"
      ],
      "plural_units": [
        "serving.rule.servings",
        "serving.rule.g",
        "serving.rule.ml",
        "serving.rule.g"
      ]
    },
    {
      "key": "eggs",
      "text_template_key": "serving.rule.eggs.metric",
      "values": [
        1,
        1
      ],
      "single_units": [
        "serving.rule.serving",
        "serving.rule.egg"
      ],
      "plural_units": [
        "serving.rule.servings",
        "serving.rule.eggs"
      ]
    },
    {
      "key": "meat",
      "text_template_key": "serving.rule.meat.metric",
      "values": [
        1,
        85
      ],
      "single_units": [
        "serving.rule.serving",
        "serving.rule.g"
      ],
      "plural_units": [
        "serving.rule.servings",
        "serving.rule.g"
      ]
    },
    {
      "key": "fish",
      "text_template_key": "serving.rule.fish.metric",
      "values": [
        1,
        110
      ],
      "single_units": [
        "serving.rule.serving",
        "serving.rule.g"
      ],
      "plural_units": [
        "serving.rule.servings",
        "serving.rule.g"
      ]
    },
    {
      "key": "shellfish",
      "text_template_key": "serving.rule.shellfish.metric",
      "values": [
        1
      ],
      "single_units": [
        "serving.rule.serving"
      ],
      "plural_units": [
        "serving.rule.servings"
      ]
    },
    {
      "key": "fermented_foods",
      "text_template_key": "serving.rule.fermented.foods.metric",
      "values": [
        1
      ],
      "single_units": [
        "serving.rule.serving"
      ],
      "plural_units": [
        "serving.rule.servings"
      ]
    },
    {
      "key": "chocolate",
      "text_template_key": "serving.rule.chocolate.metric",
      "values": [
        1,
        40
      ],
      "single_units": [
        "serving.rule.serving",
        "serving.rule.g"
      ],
      "plural_units": [
        "serving.rule.servings",
        "serving.rule.g"
      ]
    },
    {
      "key": "nuts_seeds",
      "text_template_key": "serving.rule.nuts.and.seed.metric",
      "values": [
        1,
        28
      ],
      "single_units": [
        "serving.rule.serving",
        "serving.rule.g"
      ],
      "plural_units": [
        "serving.rule.servings",
        "serving.rule.g"
      ]
    },
    {
      "key": "candy_sweets",
      "text_template_key": "serving.rule.candy.metric",
      "values": [
        1,
        56
      ],
      "single_units": [
        "serving.rule.serving",
        "serving.rule.g"
      ],
      "plural_units": [
        "serving.rule.servings",
        "serving.rule.g"
      ]
    },
    {
      "key": "grains",
      "text_template_key": "serving.rule.grains.metric",
      "values": [
        1,
        1,
        1,
        0.5
      ],
      "single_units": [
        "serving.rule.serving",
        "serving.rule.slice",
        "serving.rule.cup",
        "serving.rule.cup"
      ],
      "plural_units": [
        "serving.rule.servings",
        "serving.rule.slices",
        "serving.rule.cups",
        "serving.rule.cups"
      ]
    },
    {
      "key": "beans",
      "text_template_key": "serving.rule.beans.metric",
      "values": [
        1,
        0.5
      ],
      "single_units": [
        "serving.rule.serving",
        "serving.rule.cup"
      ],
      "plural_units": [
        "serving.rule.servings",
        "serving.rule.cups"
      ]
    },
    {
      "key": "soybeans",
      "text_template_key": "serving.rule.soybeans.metric",
      "values": [
        1,
        0.75,
        235
      ],
      "single_units": [
        "serving.rule.serving",
        "serving.rule.cup",
        "serving.rule.ml"
      ],
      "plural_units": [
        "serving.rule.servings",
        "serving.rule.cups",
        "serving.rule.ml"
      ]
    },
    {
      "key": "drinks",
      "text_template_key": "serving.rule.drinks.metric",
      "values": [
        1,
        355
      ],
      "single_units": [
        "serving.rule.serving",
        "serving.rule.ml"
      ],
      "plural_units": [
        "serving.rule.servings",
        "serving.rule.ml"
      ]
    },
    {
      "key": "chickpeas",
      "text_template_key": "serving.rule.chickpeas.metric",
      "values": [
        1
      ],
      "single_units": [
        "serving.rule.serving"
      ],
      "plural_units": [
        "serving.rule.servings"
      ]
    },
    {
      "key": "sweetener",
      "text_template_key": "serving.rule.sweetener.metric",
      "values": [
        1,
        1,
        15
    ],
      "single_units": [
        "serving.rule.serving",
        "serving.rule.teaspoon",
        "serving.rule.ml"
    ],
      "plural_units": [
        "serving.rule.servings",
        "serving.rule.teaspoons",
        "serving.rule.ml"
    ]
   },
   {
      "key": "fat_good",
      "text_template_key": "serving.rule.goodFat.metric",
      "values": [
         15,
         0.25,
         50
       ],
       "single_units": [
         "serving.rule.ml",
         "serving.rule.cup",
         "serving.rule.g"
       ],
       "plural_units": [
         "serving.rule.ml",
         "serving.rule.cups",
         "serving.rule.g"
       ]
    },
    {
        "key": "coffee",
        "text_template_key": "serving.rule.coffee.metric",
        "values": [
            1,
            350
        ],
        "single_units": [
            "serving.rule.serving",
            "serving.rule.ml",
        ],
        "plural_units": [
            "serving.rule.servings",
            "serving.rule.ml",
        ]
    },
    {
        "key": "any",
        "text_template_key": "serving.rule.any",
        "values": [
            1,
        ],
        "single_units": [
            "serving.rule.serving",
        ],
        "plural_units": [
            "serving.rule.servings"
        ]
    }
  ],
  "imperial": [
    {
      "key": "water",
      "text_template_key": "serving.rule.water.imperial",
      "values": [
        1,
        8
      ],
      "single_units": [
        "serving.rule.serving",
        "serving.rule.oz"
      ],
      "plural_units": [
        "serving.rule.servings",
        "serving.rule.oz"
      ]
    },
    {
      "key": "fresh_juice",
      "text_template_key": "serving.rule.juice.imperial",
      "values": [
        1,
        16
      ],
      "single_units": [
        "serving.rule.serving",
        "serving.rule.oz"
      ],
      "plural_units": [
        "serving.rule.servings",
        "serving.rule.oz"
      ]
    },
    {
      "key": "bottled_juice",
      "text_template_key": "serving.rule.bottled.juice.imperial",
      "values": [
        1,
        16
      ],
      "single_units": [
        "serving.rule.serving",
        "serving.rule.oz"
      ],
      "plural_units": [
        "serving.rule.servings",
        "serving.rule.oz"
      ]
    },
    {
      "key": "fruits",
      "text_template_key": "serving.rule.whole.fruit.imperial",
      "values": [
        1,
        1,
        1,
        0.5,
        0.25
      ],
      "single_units": [
        "serving.rule.serving",
        "serving.rule.mediumWholeFruit",
        "serving.rule.cup",
        "serving.rule.cup",
        "serving.rule.cup"
      ],
      "plural_units": [
        "serving.rule.servings",
        "serving.rule.mediumWholeFruits",
        "serving.rule.cups",
        "serving.rule.cups",
        "serving.rule.cups"
      ]
    },
    {
      "key": "vegetables",
      "text_template_key": "serving.rule.whole.vegetable.imperial",
      "values": [
        1,
        1,
        0.5
      ],
      "single_units": [
        "serving.rule.serving",
        "serving.rule.cup",
        "serving.rule.cup"
      ],
      "plural_units": [
        "serving.rule.servings",
        "serving.rule.cups",
        "serving.rule.cups"
      ]
    },
    {
      "key": "nightshades_vegetables",
      "text_template_key": "serving.rule.nightshades.vegetable.imperial",
      "values": [
        1,
        0.5
      ],
      "single_units": [
        "serving.rule.serving",
        "serving.rule.cup"
      ],
      "plural_units": [
        "serving.rule.servings",
        "serving.rule.cups"
      ]
    },
    {
      "key": "caffeine",
      "text_template_key": "serving.rule.caffeine.imperial",
      "values": [
        1,
        12
      ],
      "single_units": [
        "serving.rule.serving",
        "serving.rule.oz"
      ],
      "plural_units": [
        "serving.rule.servings",
        "serving.rule.oz"
      ]
    },
    {
      "key": "alcohol",
      "text_template_key": "serving.rule.alcohol.imperial",
      "values": [
        1,
        12,
        6,
        2
      ],
      "single_units": [
        "serving.rule.serving",
        "serving.rule.oz",
        "serving.rule.oz",
        "serving.rule.oz"
      ],
      "plural_units": [
        "serving.rule.servings",
        "serving.rule.oz",
        "serving.rule.oz",
        "serving.rule.oz"
      ]
    },
    {
      "key": "package_food",
      "text_template_key": "serving.rule.packaged.food.imperial",
      "values": [],
      "single_units": [],
      "plural_units": []
    },
    {
      "key": "dairy",
      "text_template_key": "serving.rule.dairy.imperial",
      "values": [
        1,
        1,
        8,
        6
      ],
      "single_units": [
        "serving.rule.serving",
        "serving.rule.oz",
        "serving.rule.oz",
        "serving.rule.oz"
      ],
      "plural_units": [
        "serving.rule.servings",
        "serving.rule.oz",
        "serving.rule.oz",
        "serving.rule.oz"
      ]
    },
    {
      "key": "eggs",
      "text_template_key": "serving.rule.eggs.imperial",
      "values": [
        1,
        1
      ],
      "single_units": [
        "serving.rule.serving",
        "serving.rule.egg"
      ],
      "plural_units": [
        "serving.rule.servings",
        "serving.rule.eggs"
      ]
    },
    {
      "key": "meat",
      "text_template_key": "serving.rule.meat.imperial",
      "values": [
        1,
        3
      ],
      "single_units": [
        "serving.rule.serving",
        "serving.rule.oz"
      ],
      "plural_units": [
        "serving.rule.servings",
        "serving.rule.oz"
      ]
    },
    {
      "key": "fish",
      "text_template_key": "serving.rule.fish.imperial",
      "values": [
        1,
        4
      ],
      "single_units": [
        "serving.rule.serving",
        "serving.rule.oz"
      ],
      "plural_units": [
        "serving.rule.servings",
        "serving.rule.oz"
      ]
    },
    {
      "key": "shellfish",
      "text_template_key": "serving.rule.shellfish.imperial",
      "values": [
        1
      ],
      "single_units": [
        "serving.rule.serving"
      ],
      "plural_units": [
        "serving.rule.servings"
      ]
    },
    {
      "key": "fermented_foods",
      "text_template_key": "serving.rule.fermented.foods.imperial",
      "values": [
        1
      ],
      "single_units": [
        "serving.rule.serving"
      ],
      "plural_units": [
        "serving.rule.servings"
      ]
    },
    {
      "key": "chocolate",
      "text_template_key": "serving.rule.chocolate.imperial",
      "values": [
        1,
        1.5
      ],
      "single_units": [
        "serving.rule.serving",
        "serving.rule.oz"
      ],
      "plural_units": [
        "serving.rule.servings",
        "serving.rule.oz"
      ]
    },
    {
      "key": "nuts_seeds",
      "text_template_key": "serving.rule.nuts.and.seed.imperial",
      "values": [
        1,
        1
      ],
      "single_units": [
        "serving.rule.serving",
        "serving.rule.oz"
      ],
      "plural_units": [
        "serving.rule.servings",
        "serving.rule.oz"
      ]
    },
    {
      "key": "candy_sweets",
      "text_template_key": "serving.rule.candy.imperial",
      "values": [
        1,
        2
      ],
      "single_units": [
        "serving.rule.serving",
        "serving.rule.oz"
      ],
      "plural_units": [
        "serving.rule.servings",
        "serving.rule.oz"
      ]
    },
    {
      "key": "grains",
      "text_template_key": "serving.rule.grains.imperial",
      "values": [
        1,
        1,
        1,
        0.5
      ],
      "single_units": [
        "serving.rule.serving",
        "serving.rule.slice",
        "serving.rule.cup",
        "serving.rule.cup"
      ],
      "plural_units": [
        "serving.rule.servings",
        "serving.rule.slices",
        "serving.rule.cups",
        "serving.rule.cups"
      ]
    },
    {
      "key": "beans",
      "text_template_key": "serving.rule.beans.imperial",
      "values": [
        1,
        0.5
      ],
      "single_units": [
        "serving.rule.serving",
        "serving.rule.cup"
      ],
      "plural_units": [
        "serving.rule.servings",
        "serving.rule.cups"
      ]
    },
    {
      "key": "soybeans",
      "text_template_key": "serving.rule.soybeans.imperial",
      "values": [
        1,
        0.75,
        8
      ],
      "single_units": [
        "serving.rule.serving",
        "serving.rule.cup",
        "serving.rule.oz"
      ],
      "plural_units": [
        "serving.rule.servings",
        "serving.rule.cups",
        "serving.rule.oz"
      ]
    },
    {
      "key": "drinks",
      "text_template_key": "serving.rule.drinks.imperial",
      "values": [
        1,
        12
      ],
      "single_units": [
        "serving.rule.serving",
        "serving.rule.oz"
      ],
      "plural_units": [
        "serving.rule.servings",
        "serving.rule.oz"
      ]
    },
    {
      "key": "chickpeas",
      "text_template_key": "serving.rule.chickpeas.imperial",
      "values": [
        1
      ],
      "single_units": [
        "serving.rule.serving"
      ],
      "plural_units": [
        "serving.rule.servings"
      ]
    },
    {
      "key": "sweetener",
      "text_template_key": "serving.rule.sweetener.imperial",
      "values": [
        1,
        1,
        0.5
      ],
       "single_units": [
       "serving.rule.serving",
       "serving.rule.teaspoon",
       "serving.rule.oz"
      ],
      "plural_units": [
        "serving.rule.servings",
        "serving.rule.teaspoons",
        "serving.rule.oz"
      ]
    },
    {
       "key": "fat_good",
       "text_template_key": "serving.rule.goodFat.imperial",
       "values": [
         0.5,
         0.25,
         1.5
       ],
       "single_units": [
         "serving.rule.oz",
         "serving.rule.cup",
         "serving.rule.oz"
       ],
       "plural_units": [
         "serving.rule.oz",
         "serving.rule.cups",
         "serving.rule.oz"
       ]
     },
     {
        "key": "coffee",
        "text_template_key": "serving.rule.coffee.imperial",
        "values": [
          1,
          12
        ],
        "single_units": [
          "serving.rule.serving",
          "serving.rule.oz",
        ],
        "plural_units": [
           "serving.rule.servings",
           "serving.rule.oz",
        ]
      },
     {
         "key": "any",
         "text_template_key": "serving.rule.any",
         "values": [
             1,
         ],
         "single_units": [
             "serving.rule.serving",
         ],
         "plural_units": [
             "serving.rule.servings"
         ]
     }
  ]
}
