{
  "gradient_palette": [
    {
      "name": "mainScreenGradient",
      "colors": ["#EDF2F5", "#EDF2F5", "#E1F6EC", "#E1F6EC"],
      "locations": [0, 0.55, 0.9974, 1],
      "angle": 5
    },
    {
      "name": "appBackgroundGradient",
      "colors": ["#EDF2F5", "#EDF2F5", "#FBFBFB", "#FBFBFB"],
      "locations": [0,0.0013, 0.9974, 1],
      "angle": 0.49
    },
    {
      "name": "primaryButtonGradient",
      "colors": ["#1EC0E9", "#099EE6"],
      "locations": [0, 1],
      "angle": 90
    },
    {
      "name": "secondaryButtonGradient",
      "colors": ["#E0E5F0", "#E0E5F0"],
      "locations": [0, 1],
      "angle": 0
    },
    {
      "name": "tertiaryButtonGradient",
      "colors": ["#FFFFFF", "#FFFFFF"],
      "locations": [0, 1],
      "angle": 0
    },
    {
      "name": "destructiveButtonGradient",
      "colors": ["#E74D4D", "#FF5E5E"],
      "locations": [0, 1],
      "angle": 90
    },
    {
      "name": "loginButtonGradient",
      "colors": ["#C2D1FF", "#C2D1FF", "#C2D1FF", "#C2D1FF"],
      "locations": [0, 0.3, 0.6, 1],
      "angle": 0
    },
    {
      "name": "messageSentGradient",
      "colors": ["#1EC0E9D9", "#099EE6D9"],
      "locations": [0, 1],
      "angle": 90
    },
    {
      "name": "messageReceivedGradient",
      "colors": ["#FFFFFF", "#FFFFFF"],
      "locations": [0, 1],
      "angle": 0
    },
    {
      "name": "conditionEntryGradient",
      "colors": ["#FDB01A", "#FDB01A", "#FEDB26", "#FEDB26"],
      "locations": [0, 0.0705, 0.941, 1],
      "angle": 245.59
    },
    {
      "name": "bodyEntryGradient",
      "colors": ["#FBB122", "#FBB122", "#FF862E", "#FF862E"],
      "locations": [0, 0.1339, 0.8296, 1],
      "angle": 55.61
    },
    {
      "name": "movementEntryGradient",
      "colors": ["#FB4922", "#FB4922", "#FF6D2E", "#FF6D2E"],
      "locations": [0, 0.0705, 0.941, 1],
      "angle": 226.65
    },
    {
      "name": "nutritionEntryGradient",
      "colors": ["#8EEFC6", "#59DB9D"],
      "locations": [0, 1],
      "angle": 90
    },
    {
      "name": "avoidsEntryGradient",
      "colors": ["#ACBBC5", "#ACBBC5", "#7F9EB0", "#7F9EB0"],
      "locations": [0, 0.0324, 0.9994, 1],
      "angle": 89.65
    },
    {
      "name": "meditationEntryGradient",
      "colors": ["#1EC0E9", "#099EE6"],
      "locations": [0, 1],
      "angle": 90
    },
    {
        "name": "cannabisEntryGradient",
        "colors": ["#2DA02B", "#2DA02B", "#74D27E", "#74D27E"],
        "locations": [0, 0.0147, 0.9842, 1],
        "angle": 283.08
    },
    {
        "name": "medicationEntryGradient",
        "colors": ["#2DA02B", "#2DA02B", "#74D27E", "#74D27E"],
        "locations": [0, 0.0147, 0.9842, 1],
        "angle": 283.08
    },
    {
        "name": "notesEntryGradient",
        "colors": ["#FD593F", "#FD593F", "#FC45B3", "#FC45B3"],
        "locations": [0, 0.0094, 0.9917, 1],
        "angle": 97.77
    },
    {
        "name": "supplementsEntryGradient",
        "colors": ["#735AD8", "#7853B5"],
        "locations": [0, 1],
        "angle": 163.77
    },
    {
      "name": "weightLossGoalGradient",
      "colors": ["#FBB122", "#FBB122", "#FF862E", "#FF862E"],
      "locations": [0, 0.1339, 0.8296, 1],
      "angle": 84.46
    },
    {
      "name": "hoursSleptGoalGradient",
      "colors": ["#FBB122", "#FBB122", "#FF862E", "#FF862E"],
      "locations": [0, 0.1339, 0.8296, 1],
      "angle": 84.46
    },
    {
      "name": "waterIntakeGoalGradient",
      "colors": ["#9ED55A", "#39D0B3"],
      "locations": [0, 1],
      "angle": 90
    },
    {
      "name": "meditationGoalGradient",
      "colors": ["#5DD8E9", "#5DD8E9", "#42AFFD", "#42AFFD"],
      "locations": [0, 0.2296, 0.7207, 1],
      "angle": 290.84
    },
    {
      "name": "movementGoalGradient",
      "colors": ["#FB4922", "#FB4922", "#FF6D2E", "#FF6D2E"],
      "locations": [0, 0.0705, 0.941, 1],
      "angle": 262.39
    },
    {
      "name": "fastingGoalGradient",
      "colors": ["#2DA02B", "#2DA02B", "#74D27E", "#74D27E"],
      "locations": [0, 0.0147, 0.9842, 1],
      "angle": 271.87
    }
  ],
  "color_palette": [
    {
      "name" : "main_background_color",
      "color" : "#FFFFFF"
    },
    {
      "name": "main_text_color",
      "color": "#504E69"
    },
    {
      "name": "entry_text_color",
      "color": "#2D9CDB"
    },
    {
      "name": "secondary_text_color",
      "color": "#999EAC"
    },
    {
      "name": "white",
      "color": "#FFFFFF"
    },
    {
      "name": "white_40%",
      "color": "#FFFFFF66"
    },
    {
      "name": "light_blue",
      "color": "#66BDCE"
    },
    {
      "name": "dark_blue",
      "color": "#254187"
    },
    {
      "name": "secondary_pastel_blue",
      "color": "#099EE6"
    },
    {
      "name": "green",
      "color": "#71BF44"
    },
    {
      "name": "pastel_green",
      "color": "#75D37E"
    },
    {
      "name": "secondary_pastel_green",
      "color": "#59DB9D"
    },
    {
      "name": "orange",
      "color": "#FF7E00"
    },
    {
      "name": "grey",
      "color": "#BBBBBB"
    },
    {
      "name": "grey_60%",
      "color": "#9B9B9B"
    },
    {
      "name": "dark_grey",
      "color": "#696969"
    },
    {
      "name": "dark_grey_25%",
      "color": "#69696940"
    },
    {
      "name": "light_grey",
      "color": "#EFEFEF"
    },
    {
      "name": "light_grey_25%",
      "color": "#EFEFEF40"
    },
    {
      "name": "dark_yellow",
      "color": "#FCB745"
    },
    {
      "name": "red",
      "color": "#FF0000"
    },
    {
      "name": "black",
      "color": "#000000"
    },
    {
      "name": "black_50%",
      "color": "#00000080"
    },
    {
      "name": "clear",
      "color": "#00000000"
    }
  ],
  "colors_usage": {
    "statusBarColor": "#00000008",
    "tabBarColor" : "#EDF2F5",
    "navBarColor" : "#FBFBFB",
    "mainTextColor": "main_text_color",
    "secondaryTextColor": "secondary_text_color",
    "mainBackgroundColor" : "main_background_color",
    "shadowColor" : "#00000040",
    "separatorLineColor" : "#00000059",
    "alertDimmedColor" : "#00000059",
    "primaryButtonTextColor": "#FFFFFF",
    "secondaryButtonTextColor": "main_text_color",
    "loginButtonTextColor": "white",
    "switchColor" : "#EDEDED",
    "switchThumbOffColor" : "#FFF",
    "switchThumbOnColor" : "entry_text_color",
    "primarySegmentedControlBackgroundColor" : "#F0F6FF",
    "primarySegmentedControlSelectedColor" : "entry_text_color",
    "primarySegmentedControlSelectedTextColor" : "#FFFFFF",
    "primarySegmentedControlTextColor" : "main_text_color",
    "entryTextColor": "entry_text_color",
    "filledEntryColor": "entry_text_color",
    "emptyEntryColor": "main_text_color",
    "listItemBorderColor": "#DEDFE3",
    "conditionCheckSelectedColor": "main_text_color",
    "conditionCheckUnSelectedColor": "secondary_text_color",
    "graphEmptyProgressColor" : "#F0F1F2",
    "photoNotLoadedBackgroundColor" : "#C4C4C4",
    "mainBorderColor" : "#E0E5F0",
    "lightBorderColor" : "#F0F1F2",
    "messagePlaceHolderColor" : "#999999",
    "fastingTimerBackgroundColor" : "#F2F5F7",
    "fastingTimerBorderColor" : "#A3A3A34C",
    "dashboardMessageTextColor": "#000000",
    "quickLinksBackgroundColor" : "#F8F9FA",
    "calendarDayWithTrack" : "secondary_pastel_green",
    "calendarDayWithoutTrack" : "secondary_pastel_blue",
    "main_button_normal_background_color": "light_blue",
    "main_button_normal_text_color": "white",
    "main_button_normal_border_color": "light_blue",
    "main_button_disabled_background_color": "grey",
    "main_button_disabled_text_color": "white",
    "main_button_disabled_border_color": "grey",
    "secondary_button_normal_background_color": "pastel_green",
    "secondary_button_normal_text_color": "white",
    "secondary_button_normal_border_color": "pastel_green",
    "secondary_button_disabled_background_color": "grey",
    "secondary_button_disabled_text_color": "white",
    "secondary_button_disabled_border_color": "grey",
    "cells_title_text_color": "dark_grey",
    "cells_detail_text_color": "dark_grey",
    "cells_section_background_color": "light_grey",
    "cells_section_text_color": "orange",
    "cells_arrow_color": "light_blue",
    "entry_cells_title_text_color": "dark_grey",
    "entry_cells_empty_detail_text_color": "grey",
    "entry_cells_empty_detail_arrow_color": "light_blue",
    "entry_cells_empty_icon_tint_color": "dark_grey",
    "entry_cells_filled_detail_text_color": "light_blue",
    "entry_cells_filled_detail_arrow_color": "light_blue",
    "entry_cells_filled_icon_tint_color": "dark_yellow",
    "goal_cell_title_color": "grey",
    "goal_cell_name_color": "dark_grey",
    "goal_cell_goal_value_color": "dark_grey",
    "goal_cell_progress_value_color": "dark_grey",
    "goal_cell_progress_percentage_color": "dark_grey",
    "goal_cell_progress_fill_color": "pastel_green",
    "goal_cell_progress_empty_color": "light_grey",
    "sleep_entry_quality_slider_color": "light_blue",
    "sleep_entry_quality_text_color": "white",
    "nutrition_entry_image_border_color": "light_blue",
    "nutrition_entry_image_text_color": "light_blue",
    "nutrition_entry_note_text_color": "dark_grey",
    "nutrition_entry_note_placeholer_color": "grey",
    "nutrition_entry_big_icon_color": "grey",
    "nutrition_entry_big_icon_selected_color": "light_blue",
    "meditation_entry_start_button_color": "light_blue",
    "meditation_entry_start_text_color": "white",
    "meditation_entry_stop_button_color": "red",
    "meditation_entry_stop_text_color": "white",
    "meditation_entry_pause_button_color": "light_blue",
    "meditation_entry_pause_text_color": "white",
    "meditation_entry_resume_button_color": "green",
    "meditation_entry_resume_text_color": "white",
    "meditation_entry_timer_text_color": "black",
    "meditation_entry_timer_arrow_color": "light_blue",
    "note_entry_date_color": "black",
    "note_entry_text_color": "dark_grey",
    "note_entry_placeholder_color": "grey",
    "note_entry_rulers_color": "dark_grey_25%",
    "note_entry_trash_icon_color": "grey",
    "profile_image_border_color": "light_blue",
    "profile_add_photo_text_color": "light_blue",
    "profile_user_name_text_color": "dark_grey",
    "profile_options_titles_text_color": "dark_grey",
    "profile_options_details_text_color": "light_blue",
    "profile_tint_color": "light_blue",
    "condition_option_normal_background_color": "white",
    "condition_option_normal_border_color": "light_blue",
    "condition_option_normal_text_color": "light_blue",
    "condition_option_selected_background_color": "light_blue",
    "condition_option_selected_border_color": "light_blue",
    "condition_option_selected_text_color": "white",
    "login_labels_text_color": "white",
    "auth_labels_text_color": "dark_grey",
    "auth_links_text_color": "light_blue",
    "auth_field_error_background_color": "clear",
    "auth_field_error_border_color": "clear",
    "auth_field_error_text_color": "red",
    "auth_field_empty_background_color": "clear",
    "auth_field_empty_border_color": "clear",
    "auth_field_empty_text_color": "grey_60%",
    "auth_field_editing_background_color": "clear",
    "auth_field_editing_border_color": "clear",
    "auth_field_editing_text_color": "white",
    "auth_field_secondary_editing_text_color": "dark_grey",
    "auth_field_filled_background_color": "clear",
    "auth_field_filled_border_color": "clear",
    "auth_field_filled_text_color": "white",
    "auth_field_secondary_filled_text_color": "dark_grey",
    "auth_field_placeholder_text_color": "black_50%",
    "dashboard_background_color": "white",
    "dashboard_text_color": "dark_grey",
    "dashboard_daily_message_background_color": "white",
    "dashboard_daily_message_text_color": "dark_grey",
    "dashboard_days_circle_empty_color": "white",
    "dashboard_days_circle_progress_color": "pastel_green",
    "dashboard_days_text_color": "white",
    "dashboard_days_plan_text_color": "white",
    "dashboard_days_page_indicator_color": "white",
    "dashboard_days_current_page_indicator_color": "pastel_green",
    "dashboard_charts_title_text_color": "white",
    "dashboard_charts_text_color": "white",
    "dashboard_charts_text_shadow_color": "black_50%",
    "dashboard_charts_lines_color": "white_40%",
    "dashboard_charts_bars_color": "white",
    "videos_layover_color": "clear",
    "videos_play_button_background_color": "clear",
    "videos_play_button_color": "clear",
    "privacy_tos_links_color": "white",
    "start_page_navigation_bar_color": "orange",
    "lists_separator_line_color": "grey",
    "reports_sleep_main_color": "#0056BB",
    "reports_water_main_color": "#8DE0FC",
    "reports_movement_main_color": "#FD673C",
    "reports_meditation_main_color": "#FFAADD",
    "reports_weight_main_color": "#FBB122"
  }
}
