[
  {
    "trackType" : 0,
    "nameKey" : "dasboard.progress.cell.nutrition.name",
    "emptyIconName" : "track_list_nutrition_empty",
    "filledIconName" : "track_list_nutrition_filled",
    "filledColorName" : "nutritionEntryGradient"
  },
  {
    "trackType" : 1,
    "nameKey" : "dasboard.progress.cell.body.name",
    "emptyIconName" : "track_list_body_empty",
    "filledIconName" : "track_list_body_filled",
    "filledColorName" : "bodyEntryGradient"
  },
  {
    "trackType" : 2,
    "nameKey" : "dasboard.progress.cell.meditation.name",
    "emptyIconName" : "track_list_meditation_empty",
    "filledIconName" : "track_list_meditation_filled",
    "filledColorName" : "meditationEntryGradient"
  },
  {
    "trackType" : 3,
    "nameKey" : "dasboard.progress.cell.movement.name",
    "emptyIconName" : "track_list_movement_empty",
    "filledIconName" : "track_list_movement_filled",
    "filledColorName" : "movementEntryGradient"
  },
  {
    "trackType" : 4,
    "nameKey" : "dasboard.progress.cell.supplements.name",
    "emptyIconName" : "track_list_supplements_empty",
    "filledIconName" : "track_list_supplements_filled",
    "filledColorName" : ""
  },
  {
    "trackType" : 5,
    "nameKey" : "dasboard.progress.cell.cannabis.name",
    "emptyIconName" : "track_list_canabis_empty",
    "filledIconName" : "track_list_canabis_filled",
    "filledColorName" : "cannabisEntryGradient"
  },
  {
    "trackType" : 7,
    "nameKey" : "dasboard.progress.cell.condition.name",
    "emptyIconName" : "track_list_condition_empty",
    "filledIconName" : "track_list_condition_filled",
    "filledColorName" : "conditionEntryGradient"
  },
  {
    "trackType" : 8,
    "nameKey" : "dasboard.progress.cell.notes.name",
    "emptyIconName" : "track_list_notes_empty",
    "filledIconName" : "track_list_notes_filled",
    "filledColorName" : "notesEntryGradient"
  }
]
