{"assets/icons/app_bar/arrow_bottom.svg":["assets/icons/app_bar/arrow_bottom.svg"],"assets/icons/app_bar/arrow_right.svg":["assets/icons/app_bar/arrow_right.svg"],"assets/icons/app_bar/notification.svg":["assets/icons/app_bar/notification.svg"],"assets/icons/app_bar/notification_dotted.svg":["assets/icons/app_bar/notification_dotted.svg"],"assets/icons/bottom_nav_bar/case.svg":["assets/icons/bottom_nav_bar/case.svg"],"assets/icons/bottom_nav_bar/home.svg":["assets/icons/bottom_nav_bar/home.svg"],"assets/icons/bottom_nav_bar/product.svg":["assets/icons/bottom_nav_bar/product.svg"],"assets/icons/bottom_nav_bar/store.svg":["assets/icons/bottom_nav_bar/store.svg"],"assets/icons/feed/favorite.svg":["assets/icons/feed/favorite.svg"],"assets/icons/feed/favorite_disabled.svg":["assets/icons/feed/favorite_disabled.svg"],"assets/icons/feed/nick-sac-icon.svg":["assets/icons/feed/nick-sac-icon.svg"],"assets/icons/feed/read.svg":["assets/icons/feed/read.svg"],"assets/icons/feed/read_disabled.svg":["assets/icons/feed/read_disabled.svg"],"assets/icons/general/anexos.svg":["assets/icons/general/anexos.svg"],"assets/icons/general/arrow_right_gradient.svg":["assets/icons/general/arrow_right_gradient.svg"],"assets/icons/general/back_arrow.svg":["assets/icons/general/back_arrow.svg"],"assets/icons/general/chat.svg":["assets/icons/general/chat.svg"],"assets/icons/general/circle_arrow_left.svg":["assets/icons/general/circle_arrow_left.svg"],"assets/icons/general/circle_arrow_right.svg":["assets/icons/general/circle_arrow_right.svg"],"assets/icons/general/close.svg":["assets/icons/general/close.svg"],"assets/icons/general/edit.svg":["assets/icons/general/edit.svg"],"assets/icons/general/feed.svg":["assets/icons/general/feed.svg"],"assets/icons/general/lamp_idea.svg":["assets/icons/general/lamp_idea.svg"],"assets/icons/general/lamp_idea_with_background.svg":["assets/icons/general/lamp_idea_with_background.svg"],"assets/icons/general/single_arrow_right.svg":["assets/icons/general/single_arrow_right.svg"],"assets/icons/how_to_use/arrow_right_black.svg":["assets/icons/how_to_use/arrow_right_black.svg"],"assets/icons/how_to_use/arrow_right_gradient.svg":["assets/icons/how_to_use/arrow_right_gradient.svg"],"assets/icons/logo/ic-laucher.png":["assets/icons/logo/ic-laucher.png"],"assets/icons/logo/ic_play_branco.png":["assets/icons/logo/ic_play_branco.png"],"assets/icons/logo/ic_play_gradient.jpeg":["assets/icons/logo/ic_play_gradient.jpeg"],"assets/icons/logo/ic_play_gradient.svg":["assets/icons/logo/ic_play_gradient.svg"],"assets/icons/logo/ic_play_transparente.png":["assets/icons/logo/ic_play_transparente.png"],"assets/icons/logo/ic_xipp_branco.png":["assets/icons/logo/ic_xipp_branco.png"],"assets/icons/logo/ic_xipp_preto.png":["assets/icons/logo/ic_xipp_preto.png"],"assets/icons/logo/ic_xipp_umbrella.png":["assets/icons/logo/ic_xipp_umbrella.png"],"assets/icons/medical_event/academy.svg":["assets/icons/medical_event/academy.svg"],"assets/icons/medical_event/appointment.svg":["assets/icons/medical_event/appointment.svg"],"assets/icons/medical_event/employee_assistance.svg":["assets/icons/medical_event/employee_assistance.svg"],"assets/icons/medical_event/exam.svg":["assets/icons/medical_event/exam.svg"],"assets/icons/medical_event/food_voucher.svg":["assets/icons/medical_event/food_voucher.svg"],"assets/icons/medical_event/fuel.svg":["assets/icons/medical_event/fuel.svg"],"assets/icons/medical_event/health.svg":["assets/icons/medical_event/health.svg"],"assets/icons/medical_event/life.svg":["assets/icons/medical_event/life.svg"],"assets/icons/medical_event/meal.svg":["assets/icons/medical_event/meal.svg"],"assets/icons/medical_event/medicine.svg":["assets/icons/medical_event/medicine.svg"],"assets/icons/medical_event/odontology.svg":["assets/icons/medical_event/odontology.svg"],"assets/icons/medical_event/protecao.svg":["assets/icons/medical_event/protecao.svg"],"assets/icons/medical_event/retirement.svg":["assets/icons/medical_event/retirement.svg"],"assets/icons/medical_event/telemedicine.svg":["assets/icons/medical_event/telemedicine.svg"],"assets/icons/medical_event/transport.svg":["assets/icons/medical_event/transport.svg"],"assets/icons/medical_event/vaccine.svg":["assets/icons/medical_event/vaccine.svg"],"assets/icons/menu_drawer/about.svg":["assets/icons/menu_drawer/about.svg"],"assets/icons/menu_drawer/account.svg":["assets/icons/menu_drawer/account.svg"],"assets/icons/menu_drawer/company.svg":["assets/icons/menu_drawer/company.svg"],"assets/icons/menu_drawer/exit.svg":["assets/icons/menu_drawer/exit.svg"],"assets/icons/menu_drawer/faq.svg":["assets/icons/menu_drawer/faq.svg"],"assets/icons/menu_drawer/info.svg":["assets/icons/menu_drawer/info.svg"],"assets/icons/menu_drawer/notifications.svg":["assets/icons/menu_drawer/notifications.svg"],"assets/icons/menu_drawer/password.svg":["assets/icons/menu_drawer/password.svg"],"assets/icons/menu_drawer/terms.svg":["assets/icons/menu_drawer/terms.svg"],"assets/icons/menu_drawer/tour.svg":["assets/icons/menu_drawer/tour.svg"],"assets/icons/notification/envelope.svg":["assets/icons/notification/envelope.svg"],"assets/icons/notification/unreadNotification.svg":["assets/icons/notification/unreadNotification.svg"],"assets/icons/services/accredited_network.svg":["assets/icons/services/accredited_network.svg"],"assets/icons/services/authorization.svg":["assets/icons/services/authorization.svg"],"assets/icons/services/card.svg":["assets/icons/services/card.svg"],"assets/icons/services/copay.svg":["assets/icons/services/copay.svg"],"assets/icons/services/coverage.svg":["assets/icons/services/coverage.svg"],"assets/icons/services/doubt.svg":["assets/icons/services/doubt.svg"],"assets/icons/services/hand.svg":["assets/icons/services/hand.svg"],"assets/icons/services/pharmacy.svg":["assets/icons/services/pharmacy.svg"],"assets/icons/services/reimbursement.svg":["assets/icons/services/reimbursement.svg"],"assets/icons/services/telemedicine.svg":["assets/icons/services/telemedicine.svg"],"assets/icons/services/telemedicine_duty.svg":["assets/icons/services/telemedicine_duty.svg"],"assets/icons/services/telemedicine_scheduled.svg":["assets/icons/services/telemedicine_scheduled.svg"],"assets/images/gif/loading.gif":["assets/images/gif/loading.gif"],"assets/images/home/profile.png":["assets/images/home/profile.png"],"assets/images/loading/loading.svg":["assets/images/loading/loading.svg"],"assets/images/product/gradient.png":["assets/images/product/gradient.png"],"assets/images/telemedicine/Amex.png":["assets/images/telemedicine/Amex.png"],"assets/images/telemedicine/Aura.png":["assets/images/telemedicine/Aura.png"],"assets/images/telemedicine/Diners.png":["assets/images/telemedicine/Diners.png"],"assets/images/telemedicine/Discover.png":["assets/images/telemedicine/Discover.png"],"assets/images/telemedicine/Elo.png":["assets/images/telemedicine/Elo.png"],"assets/images/telemedicine/Hipercard.png":["assets/images/telemedicine/Hipercard.png"],"assets/images/telemedicine/JCB.png":["assets/images/telemedicine/JCB.png"],"assets/images/telemedicine/Mastercard.png":["assets/images/telemedicine/Mastercard.png"],"assets/images/telemedicine/Visa.png":["assets/images/telemedicine/Visa.png"],"assets/images/telemedicine/avus_logo.png":["assets/images/telemedicine/avus_logo.png"],"packages/cupertino_icons/assets/CupertinoIcons.ttf":["packages/cupertino_icons/assets/CupertinoIcons.ttf"],"packages/flutter_gcaptcha_v3/assets/index.html":["packages/flutter_gcaptcha_v3/assets/index.html"],"packages/wakelock_plus/assets/no_sleep.js":["packages/wakelock_plus/assets/no_sleep.js"]}